Name;alias
00-14-S;1
00-13-S;2
00-11-S;3
00-12-S;4
00-10-S;5
00-08-S;6
00-06-S;7
00-05-S;8
00-04-S;9
00-02-S;10
00-01-S;11
00-51-S;12
00-16-S;13
00-50-S;14
00-49-S;15
00-46-S;16
00-45-S;17
00-41-N;18
00-40-N;19
00-39-N;20
00-38-N;21
00-34-N;22
00-35-N;23
00-36-N;24
00-37-N;25
00-33-N;26
00-32-N;27
00-27-N;28
00-29-N;29
00-28-N;30
00-30-N;31
00-26-N;32
00-25-N;33
00-24-N;34
00-23-N;35
00-22-N;36
00-21-N;37
00-20-N;38
00-18-N;39
01-18-S;101
01-17-S;102
01-16-S;103
01-15-S;104
01-14-S;105
01-12-S;106
01-11-S;107
01-10-S;108
01-08-S;109
01-07-S;110
01-06-S;111
01-05-S;112
01-04-S;113
01-03-S;114
01-02-S;115
01-01-S;116
01-56-S-1;117
01-56-S-2;117
01-56-S;117
01-55-S-2;118
01-55-S;118
01-55-S-1;118
01-48-N;119
01-52-N;120
01-51-N;121
01-50-N;122
01-46-N;123
01-49-N;124
01-47-N;125
01-44-N;126
01-45-N;127
01-42-N;128
01-43-N;129
01-41-N;130
01-40-N;131
01-38-N;132
01-39-N;133
01-30-N;134
01-29-N;135
01-27-N;136
01-31-N;137
01-32-N;138
01-33-N;139
01-34-N;140
01-35-N;141
01-36-N;142
01-37-N;143
01-21-N;144
01-20-N;145
01-19-N;146
02-12-S;201
02-11-S;202
02-10-S;203
02-09-S;204
02-08-S;205
02-07-S;206
02-05-S;207
02-03-S;208
02-02-S;209
02-01-S;210
C-02-04-S;211
C-02-05-S;212
02-14-N;213
02-15-N;214
02-16-N;215
02-17-N;216
02-18-N;217
02-19-N;218
02-20-N;219
02-21-N;220
02-22-N;221
02-23-N;222
02-24-N;223
02-25-N;224
02-26-N;225
03-14-S;301
03-13-S;302
03-12-S;303
03-11-S;304
03-10-S;305
03-08-S;306
03-06-S;307
03-03-S;308
03-01-S;309
03-02-S;310
03-04-S;311
03-05-S;312
03-15-S;313
03-16-S;314
03-17-S;315
03-18-N;316
03-31-N;317
03-30-N;318
03-29-N;319
03-28-N;320
03-27-N;321
03-26-N;322
03-25-N;323
03-24-N;324
03-23-N;325
03-22-N;326
03-21-N;327
03-20-N;328
03-19-N;329
04-01-S;401
04-04-S;402
04-05-S;403
04-06-S;404
04-08-S;405
04-07-S;406
04-09-S;407
04-10-S;408
04-11-S;409
04-12-S;410
04-13-S;411
04-14-S;412
04-15-S;413
04-16-S;414
04-17-S;415
04-19-N;416
04-18-N;417
04-21-N;418
04-20-N;419
04-23-N;420
04-25-N;421
04-22-N;422
04-24-N;423
04-27-N;424
04-26-N;425
04-28-N;426
04-30-N;427
04-33-N;428
04-34-N;429
04-35-N;430
04-36-N;431
04-39-N;432
04-38-N;433
04-37-N;434
04-40-N;435
04-41-N;436
04-42-N;437
04-43-N;438
04-46-N;439
